latitude,longitude,elevation,speed,course,hacc
46.06914,11.15028,432.014,4.101,132.369,24
46.06905,11.15043,445.39,0.489,0,6
46.06904,11.15041,444.393,1.172,0,6
46.06902,11.15043,444.131,2.276,0,6
46.06899,11.15044,443.046,2.751,0,6
46.06896,11.15044,441.908,3.259,0,6
46.06893,11.15044,441.065,3.986,176.882,6
46.06888,11.15044,440.216,5.07,177.723,6
46.06882,11.15043,438.973,5.524,176.679,6
46.06877,11.15044,438.618,5.65,171.851,8
46.0687,11.15047,440.062,6.087,159.492,4
46.06864,11.1505,439.916,6.248,159.437,4
46.06857,11.15054,444.124,6.092,163.954,4
46.06852,11.15056,443.942,5.704,169.388,4
46.06848,11.15056,442.886,5.223,167.017,4
46.06845,11.15056,441.084,4.144,167.461,4
46.06844,11.15056,440.026,3.295,177.256,4
46.06842,11.15056,438.847,3.207,174.459,4
46.06839,11.15056,437.384,3.686,176.644,3
46.06836,11.15056,437.524,4.174,178.164,4
46.06832,11.15056,436.085,4.197,178.81,4
46.06829,11.15056,434.995,3.558,183.319,4
46.06826,11.15056,433.781,3.18,181.951,4
46.06823,11.15056,432.945,3.259,179.693,4
46.0682,11.15055,432.077,3.837,179.934,4
46.06816,11.15055,431.458,4.568,183.817,4
46.06811,11.15055,431.001,5.257,184.973,4
46.06805,11.15054,430.622,5.864,184.704,4
46.06799,11.15054,430.314,6.283,185.761,6
46.06793,11.15053,430.129,6.559,186.021,6
46.06787,11.15052,430.061,6.555,188.069,6
46.06781,11.15051,430.001,6.633,187.29,6
46.06774,11.1505,429.892,6.62,185.147,6
46.06768,11.15049,429.734,6.795,182.667,6
46.06762,11.15049,429.516,6.987,182.116,6
46.06756,11.15049,429.307,7.19,181.115,4
46.06749,11.15049,429.186,7.312,180.434,4
46.06742,11.15049,429.093,7.398,180.31,4
46.06736,11.15048,429.063,7.338,181.353,4
46.06729,11.15049,429.031,7.224,180.657,4
46.06722,11.1505,429.026,7.331,180.796,4
46.06716,11.15051,428.957,7.564,178.573,4
46.06709,11.15052,428.831,7.764,177.006,4
46.06702,11.15053,428.645,7.886,176.3,4
46.06694,11.15053,428.426,7.838,180.11,4
46.06688,11.15054,428.137,7.564,184.051,4
46.06681,11.15052,427.83,7.163,184.043,4
46.06675,11.15051,427.5,6.643,184.044,4
46.0667,11.1505,427.226,6.481,182.206,4
46.06664,11.1505,426.96,6.529,180.775,4
46.06657,11.1505,426.794,7.488,177.699,4
46.06649,11.1505,426.618,8.301,179.978,4
46.06641,11.15049,426.42,8.889,183.278,4
46.06632,11.15048,426.233,9.214,180.296,6
46.06623,11.15048,426.052,9.897,191.583,6
46.06614,11.15045,425.886,10.276,193.945,6
46.06604,11.15042,425.718,10.23,186.789,6
46.06595,11.1504,425.565,10.098,179.579,6
46.06585,11.15039,425.421,10.248,178.273,6
46.06575,11.15038,425.219,10.076,175.95,6
46.06565,11.15038,425.046,10.288,175.789,6
46.06556,11.15038,424.923,10.233,176.666,6
46.06547,11.15037,424.899,9.794,177.387,6
46.06538,11.15037,425,9.513,176.164,6
46.0653,11.15037,425.168,9.245,176.874,6
46.06521,11.15037,425.355,9.326,182.073,6
46.06512,11.15035,425.596,9.171,187.171,6
46.06503,11.15035,425.875,9.328,186.949,6
46.06494,11.15035,425.981,9.621,186.73,6
46.06485,11.15033,426.087,10.067,189.574,6
46.06475,11.15031,426.295,10.433,188.79,6
46.06465,11.15031,426.587,10.62,187.607,4
46.06455,11.15029,426.82,10.544,187.642,4
46.06446,11.15027,427.176,10.265,187.681,4
46.06437,11.15025,427.533,9.754,187.736,4
46.06429,11.15024,427.565,9.362,187.761,4
46.06421,11.15023,427.568,8.83,187.549,4
46.06414,11.15022,427.672,8.014,190.234,4
46.06409,11.1502,427.795,6.939,189.996,4
46.06404,11.15018,427.92,6.196,193.433,4
46.064,11.15017,428.024,5.44,200.778,4
46.06396,11.15015,428.037,4.399,203.946,4
46.06395,11.15014,428.054,2.984,206.173,4
46.06395,11.15014,428.077,0,206.173,4
46.06395,11.15014,428.105,0,206.173,4
46.06393,11.15013,428.13,1.213,209.611,4
46.06391,11.15011,428.151,2.817,209.822,4
46.06388,11.15008,428.368,4.022,210.112,4
46.06384,11.15005,428.552,4.97,196.991,4
46.06379,11.15003,428.688,5.613,173.863,4
46.06373,11.15005,428.762,6.396,161.473,4
46.06367,11.15008,428.768,6.867,158.547,4
46.06361,11.15012,428.745,7.211,159.926,4
46.06354,11.15015,428.704,7.972,175.82,4
46.06346,11.15016,428.656,8.627,179.4,4
46.06337,11.15016,428.529,9.35,181.014,4
46.06328,11.15015,428.284,9.824,178.693,4
46.06319,11.15015,428.035,10.118,178.763,4
46.06309,11.15016,427.783,10.233,178.766,4
46.063,11.15017,427.562,10.219,178.765,4
46.06291,11.15017,427.343,10.334,177.557,4
46.06281,11.15018,427.125,10.412,175.177,4
46.06272,11.15018,426.899,10.782,171.793,4
46.06262,11.15022,426.741,11.362,168.147,4
46.06251,11.15025,426.564,11.626,165.428,4
46.06241,11.15029,426.35,11.676,165.476,4
46.06231,11.15033,426.122,11.531,164.586,4
46.06222,11.15038,425.873,11.341,163.63,4
46.06212,11.15043,425.615,11.222,164.662,4
46.06202,11.15045,425.462,11.1,163.739,4
46.06193,11.15049,425.336,10.902,166.471,4
46.06184,11.15053,425.173,10.715,167.088,4
46.06175,11.15055,424.952,10.594,174.202,4
46.06165,11.15055,424.626,10.667,176.913,4
46.06155,11.15055,424.309,11.008,180.059,4
46.06145,11.15054,423.997,11.363,181.209,4
46.06134,11.15053,423.7,11.893,181.514,4
46.06123,11.15052,423.419,12.367,181.515,4
46.06111,11.15052,423.207,12.836,183.014,4
46.06099,11.1505,423.016,13.169,182.305,4
46.06087,11.15049,422.715,13.41,182.378,4
46.06074,11.15049,422.533,13.746,181.876,4
46.06062,11.15048,422.342,13.96,181.707,4
46.06049,11.15049,422.095,14.192,181.896,4
46.06036,11.15049,421.806,14.176,182.403,4
46.06023,11.15048,421.511,14.197,182.218,4
46.0601,11.15046,421.242,14.375,182.651,4
46.05997,11.15045,420.983,14.567,183.07,4
46.05983,11.15043,420.757,14.768,182.596,4
46.0597,11.15042,420.571,14.847,182.467,4
46.05956,11.1504,420.399,14.879,182.552,4
46.05943,11.15039,420.241,14.949,182.889,4
46.05929,11.15039,420.19,15.135,183.602,4
46.05916,11.15039,420.008,15.22,186.047,6
46.05902,11.15038,419.741,15.158,189.349,6
46.05888,11.15035,419.42,15.191,193.616,6
46.05874,11.1503,419.252,15.288,198.646,6
46.05862,11.15022,419.006,15.339,202.271,6
46.05848,11.15014,418.774,15.459,202.343,6
46.05835,11.15006,418.519,15.593,202.377,6
46.05822,11.14998,418.284,15.791,202.841,6
46.05809,11.14988,418.174,15.944,203.267,6
46.05795,11.1498,418.14,16.028,203.663,6
46.05782,11.14972,418.061,15.926,203.595,6
46.05769,11.14963,417.953,15.898,203.518,6
46.05756,11.14955,417.815,15.939,203.377,4
46.05743,11.14947,417.648,16.015,202.497,4
46.05729,11.14939,417.502,16.003,202.191,6
46.05716,11.14931,417.332,15.915,200.555,6
46.05703,11.14925,417.139,15.761,197.847,6
46.0569,11.14919,416.927,15.521,195.467,6
46.05676,11.14914,416.706,15.415,192.999,4
46.05663,11.1491,416.502,15.091,189.871,4
46.0565,11.14908,416.301,14.72,187.178,4
46.05637,11.14906,416.221,14.591,185.235,4
46.05624,11.14906,416.124,14.617,185.935,6
46.0561,11.14904,416.072,14.891,185.344,4
46.05597,11.14903,416.008,15.081,186.321,4
46.05583,11.14901,415.848,15.151,185.834,4
46.05569,11.14897,415.445,15.183,186.163,4
46.05556,11.14894,415.002,15.291,186.258,4
46.05542,11.14892,414.516,15.419,185.668,4
46.05528,11.1489,414.08,15.543,185.669,4
46.05514,11.14887,413.692,15.694,186.214,4
46.055,11.14885,413.392,15.773,185.667,4
46.05486,11.14883,413.128,15.784,185.164,4
46.05471,11.14881,412.887,15.788,185.952,4
46.05457,11.14879,412.676,15.819,185.961,4
46.05443,11.14877,412.422,15.799,186.609,4
46.05429,11.14874,412.203,15.641,186.649,4
46.05415,11.14872,411.988,15.359,188.158,4
46.05402,11.14869,411.749,15.112,191.259,4
46.05389,11.14864,411.536,15.054,195.088,4
46.05376,11.14859,411.306,14.973,199.132,4
46.05364,11.14851,411.122,14.897,203.419,4
46.05351,11.14844,410.852,14.902,207.648,4
46.05339,11.14835,410.534,14.904,212.006,4
46.05328,11.14824,410.194,14.79,216.94,4
46.05318,11.14812,409.882,14.577,221.935,4
46.0531,11.14799,409.611,14.167,226.504,4
46.05302,11.14785,409.362,13.799,227.011,4
46.05294,11.14772,409.17,13.536,227.594,4
46.05286,11.14759,408.997,13.306,230.996,4
46.05279,11.14746,408.827,13.099,228.428,4
46.05271,11.14734,408.632,13.041,225.143,4
46.05263,11.14721,408.421,13.153,225.396,4
46.05255,11.14708,408.24,13.579,227.258,4
46.05246,11.14695,408.053,13.858,228.946,4
46.05238,11.14681,407.9,14.083,227.42,4
46.05229,11.14666,407.724,14.367,225.807,4
46.0522,11.14653,407.546,14.726,227,4
46.05211,11.14638,407.376,14.757,226.447,4
46.05202,11.14624,407.188,14.765,227.226,4
46.05193,11.1461,407.069,14.84,227.348,4
46.05185,11.14596,406.967,14.802,227.589,4
46.05175,11.14583,406.862,14.594,228.792,4
46.05167,11.14568,406.75,14.47,227.011,4
46.05158,11.14555,406.641,14.397,225.922,4
46.05149,11.14543,406.563,14.27,226.149,4
46.0514,11.14531,406.447,13.993,226.012,4
46.05131,11.14519,406.319,13.531,227.202,4
46.05122,11.14508,406.17,13.137,226.435,4
46.05114,11.14497,406.037,12.949,221.291,4
46.05105,11.14487,405.829,12.914,214.373,4
46.05095,11.14478,405.607,13,210.5,4
46.05085,11.1447,405.381,12.955,207.275,4
46.05075,11.14462,405.113,12.87,204.467,4
46.05064,11.14456,404.784,12.804,199.883,4
46.05053,11.14451,404.378,12.677,197.872,6
46.05042,11.14446,403.94,12.554,197.839,6
46.05032,11.14442,403.523,12.055,197.968,6
46.05023,11.14437,403.132,11.027,197.516,6
46.05015,11.14434,402.731,9.866,196.951,6
46.05008,11.14431,402.394,8.429,197.761,6
46.05003,11.14429,401.996,7.205,198.256,6
46.04998,11.14427,401.552,6.779,208.145,4
46.04992,11.14422,401.123,7.102,207.74,4
46.04986,11.14417,400.726,7.606,205.621,4
46.04979,11.14412,400.352,8.452,199.992,4
46.04971,11.14408,399.909,9.349,200.326,4
46.04963,11.14404,399.45,9.804,201.116,4
46.04954,11.14399,398.933,10.489,201.244,6
46.04944,11.14394,398.45,11.375,200.756,6
46.04933,11.14389,397.888,11.837,197.45,6
46.04922,11.14384,397.271,12.02,194.216,6
46.0491,11.1438,396.682,12.262,192.624,6
46.04899,11.14377,396.031,12.813,194.157,6
46.04887,11.14371,395.351,13.189,195.517,4
46.04876,11.14366,394.645,13.519,196.95,4
46.04864,11.1436,393.935,13.819,200.888,4
46.04852,11.14353,393.263,14.113,205.281,6
46.04841,11.14345,392.584,14.399,209.018,6
46.04829,11.14337,391.97,14.602,213.205,6
46.04819,11.14325,391.323,14.916,218.621,6
46.04808,11.14312,390.698,15.302,222.955,8
46.04799,11.14297,390.13,15.419,225.748,8
46.0479,11.14283,389.56,15.334,226.144,8
46.04782,11.14268,389.051,14.963,225.088,8
46.04773,11.14254,388.623,14.375,223.009,8
46.04764,11.14242,388.286,13.622,216.5,6
46.04755,11.14233,387.958,13.495,204.989,6
46.04743,11.14226,387.612,13.924,200.119,6
46.0473,11.14224,387.182,14.197,197.222,8
46.04717,11.14219,386.592,14.499,196.284,8
46.04704,11.14214,385.955,14.695,195.164,8
46.04691,11.14209,385.264,14.765,195.495,8
46.04678,11.14204,384.554,14.807,196.043,8
46.04665,11.14198,383.898,15.05,197.638,8
46.04652,11.14191,383.2,15.467,199.243,8
46.04639,11.14183,382.511,15.414,202.768,8
46.04627,11.14175,381.647,15.147,210.764,8
46.04616,11.14166,380.762,14.767,213.743,8
46.04604,11.14157,380.05,14.9,212.348,8
46.04592,11.14148,379.244,14.491,210.627,8
46.04581,11.1414,378.176,14.516,203.457,12
46.04569,11.14134,377.038,14.409,200.353,12
46.04557,11.14127,375.991,14.004,198.327,8
46.04546,11.14121,374.837,13.105,196.769,8
46.04537,11.14115,373.871,11.682,196.045,8
46.04529,11.14112,373.068,10.135,195.577,8
46.04522,11.14108,372.44,8.451,196.6,6
46.04517,11.14107,371.938,7.252,196.652,6
46.04512,11.14105,371.668,5.953,191.742,6
46.04508,11.14105,371.651,4.854,193.477,8
46.04504,11.14104,371.632,4.313,189.789,8
46.045,11.14103,371.638,4.026,193.445,8
46.04497,11.14101,371.648,3.708,191.146,8
46.04494,11.14101,371.661,4.086,190.331,8
46.0449,11.141,372.157,4.678,188.309,8
46.04485,11.14099,372.401,5.242,188.294,8
46.0448,11.14098,372.32,5.966,185.613,8
46.04473,11.14097,371.918,6.866,186.642,8
46.04466,11.14095,371.119,7.9,185.828,8
46.04458,11.14094,370.127,8.473,187.364,8
46.04449,11.14092,369.253,9.037,190.961,8
46.0444,11.14089,368.14,9.371,197.096,6
46.04431,11.14085,367.052,9.437,201.848,6
46.04423,11.14081,365.985,9.463,207.506,6
46.04415,11.14075,364.645,9.614,214.31,6
46.04408,11.14067,363.405,9.589,221.684,6
46.04401,11.14059,362.078,9.61,228.995,6
46.04395,11.14049,360.665,9.848,237.459,8
46.0439,11.14037,359.079,9.556,241.758,8
46.04386,11.14027,357.387,8.928,245.067,8
46.04383,11.14018,355.903,8.134,247.85,6
46.04381,11.14009,354.467,6.931,250.529,6
46.0438,11.14002,353.088,5.839,253.308,6
46.04379,11.13996,351.787,5.291,256.873,6
46.04378,11.13991,350.643,5.18,257.672,6
46.04378,11.13985,349.671,4.739,266.054,4
46.04378,11.1398,349.59,4.034,271.086,4
46.04379,11.13975,349.506,3.513,280.768,4
46.04379,11.13971,349.417,3.797,277.158,4
46.0438,11.13965,348.754,4.58,282.672,3
46.04381,11.13957,348.2,5.091,274.833,3
46.04382,11.13949,347.749,5.579,254.378,3
46.0438,11.13941,347.51,6.078,232.046,4
46.04376,11.13934,347.324,5.954,207.543,4
46.04371,11.13932,347.07,5.684,177.718,4
46.04366,11.13934,346.745,5.642,158.633,4
46.0436,11.13938,346.326,5.717,134.394,4
46.04357,11.13945,346.031,5.928,110.123,4
46.04355,11.13954,345.683,6.224,103.563,4
46.04353,11.13962,345.388,6.624,107.285,4
46.04351,11.13972,345.014,7.106,112.74,4
46.04348,11.13982,344.661,7.978,126.542,4
46.04343,11.13992,344.304,8.831,135.506,4
46.04337,11.14001,344.005,9.411,143.307,4
46.04329,11.14008,343.744,9.587,148.507,4
46.04322,11.14015,343.505,9.631,154.599,4
46.04313,11.1402,343.266,9.856,158.267,4
46.04305,11.14024,343.064,9.46,158.136,4
46.04297,11.14028,342.88,9.457,150.653,4
46.0429,11.14034,342.821,9.529,149.27,4
46.04282,11.14041,342.822,9.501,145.087,4
46.04275,11.14048,342.956,9.59,137.477,4
46.04268,11.14057,343.242,9.805,129.874,4
46.04263,11.14068,343.624,10.051,128.837,4
46.04256,11.14078,343.868,10.347,128.724,4
46.04251,11.14089,344.046,10.413,126.46,4
46.04245,11.141,344.212,10.305,127.63,4
46.0424,11.14111,344.312,10.083,132.193,4
46.04234,11.1412,344.398,9.333,133.115,4
46.04228,11.14127,344.452,8.865,142.548,4
46.04222,11.14133,344.427,8.659,145.125,4
46.04215,11.14139,344.393,8.786,160.111,4
46.04207,11.14142,344.217,9.186,170.333,4
46.04198,11.14143,344.008,9.702,179.473,4
46.04189,11.14143,343.805,10.16,182.385,4
46.04179,11.14142,343.585,10.593,179.195,4
46.04169,11.14143,343.272,11.118,171.838,4
46.04159,11.14146,343.072,11.302,167.049,4
46.04149,11.1415,342.873,11.524,161.203,4
46.04138,11.14156,342.797,11.97,151.427,4
46.04128,11.14164,342.726,12.303,148.946,4
46.04119,11.14172,342.68,12.246,147.278,4
46.0411,11.14181,342.738,11.984,148.945,4
46.04101,11.1419,342.838,11.621,153.932,4
46.04092,11.14196,342.982,10.866,157.66,4
46.04083,11.142,343.142,10.614,164.246,4
46.04074,11.14204,343.287,10.269,170.821,4
46.04066,11.14205,343.264,10.119,177.504,4
46.04057,11.14207,343.075,9.824,179.388,4
46.04048,11.14207,342.571,9.388,189.674,4
46.04041,11.14205,341.735,9.105,200.236,4
46.04034,11.14199,340.976,8.903,217.413,4
46.04028,11.14191,340.323,9.005,227.96,4
46.04023,11.14182,339.741,9.259,241.854,4
46.04019,11.14171,339.193,9.24,254.247,4
46.04017,11.1416,338.621,8.783,265.813,4
46.04017,11.1415,338.168,8,282.753,4
46.04018,11.14142,338,6.5,276.89,4
46.04019,11.14137,337.989,4.562,265.073,4
46.04018,11.14134,337.95,2.961,254.766,4
46.04018,11.14134,337.949,0,254.766,8
46.04018,11.14134,337.953,0,254.766,8
46.04018,11.14134,337.958,0,254.766,6
46.04018,11.14134,338.015,0,254.766,6
46.04018,11.14134,338.069,0,254.766,6
46.04016,11.14126,338.109,1.545,221.476,6
46.04013,11.14122,338.42,3.643,206.224,6
46.04007,11.14118,338.552,5.621,196.223,6
46.04,11.14114,338.53,6.948,201.834,6
46.03991,11.14108,338.424,8.097,207.329,6
46.03982,11.14102,338.079,9.034,213.58,6
46.03974,11.14093,337.65,9.756,216.228,6
46.03966,11.14085,337.116,10.47,218.297,6
46.03958,11.14076,336.654,10.949,218.435,4
46.03949,11.14067,336.215,11.57,219.724,4
46.03941,11.14056,335.711,12.131,220.028,4
46.03932,11.14046,335.227,12.628,219.298,4
46.03923,11.14035,334.785,12.891,217.437,4
46.03913,11.14025,334.372,13.032,218.036,4
46.03904,11.14014,333.985,12.953,219.609,4
46.03895,11.14003,333.563,12.754,220.567,4
46.03887,11.13991,333.018,12.526,223.562,4
46.0388,11.13979,332.334,12.465,232.459,4
46.03873,11.13966,331.636,12.452,240.363,4
46.03869,11.13951,331,12.163,251.689,4
46.03866,11.13937,330.517,11.475,263.262,4
46.03865,11.13926,330.077,9.835,273.037,6
46.03866,11.13919,330.024,7.23,289.12,6
46.03868,11.13914,329.974,5.49,278.403,6
46.0387,11.13909,329.929,4.854,276.248,6
46.03871,11.13904,329.872,4.401,279.593,4
46.03871,11.13899,329.808,3.99,282.687,4
46.03872,11.13895,329.735,3.772,280.623,6
46.03872,11.13889,329.658,3.749,279.526,6
46.03872,11.13884,329.577,3.936,280.403,6
46.03873,11.13878,328.66,4.063,273.559,6
46.03873,11.13872,327.796,4.651,281.826,4
46.03874,11.13864,327.12,5.076,279.913,4
46.03875,11.13857,326.525,5.135,277.629,4
46.03875,11.1385,325.983,5.05,276.134,4
46.03876,11.13844,325.591,5.014,275.853,4
46.03877,11.13838,325.179,4.867,278.43,4
46.03878,11.13831,324.741,4.929,281.697,4
46.03879,11.13825,324.352,5.248,280.683,4
46.0388,11.13818,324.046,5.695,283.889,4
46.03881,11.1381,323.678,5.96,297.946,4
46.03884,11.13803,323.238,5.984,296.012,4
46.03886,11.13795,322.757,6.112,315.829,4
46.0389,11.1379,322.176,6.081,322.845,4
46.03895,11.13784,321.713,6.344,332.633,4
46.039,11.1378,321.383,6.242,343.7,4
46.03906,11.13778,321.038,6.171,351.695,4
46.03912,11.13778,320.698,5.962,1.308,4
46.03918,11.1378,320.342,5.891,10.624,4
46.03924,11.13781,319.933,6.019,10.59,4
46.0393,11.13784,319.525,6.619,16.37,4
46.03936,11.13787,319.043,6.677,12.282,4
46.03942,11.13789,318.52,6.885,8.661,4
46.03949,11.13791,317.968,6.907,5.937,4
46.03955,11.13792,317.452,6.812,2.199,4
46.03962,11.13792,316.999,6.814,350.968,4
46.03969,11.13789,316.619,6.995,340.693,4
46.03975,11.13786,316.108,7.205,325.242,4
46.03981,11.13781,315.583,7.003,309.385,4
46.03986,11.13774,315.107,6.959,298.674,4
46.03989,11.13765,314.707,7.159,286.568,4
46.03991,11.13756,314.276,7.154,269.515,4
46.03991,11.13746,313.824,7.428,250.016,4
46.03989,11.13737,313.362,7.361,250.089,6
46.03988,11.13728,312.965,6.911,244.819,6
46.03985,11.13721,312.51,6.465,230.495,6
46.03981,11.13714,312.026,6.593,247.958,6
46.03978,11.13705,311.495,6.647,249.135,6
46.03975,11.13697,310.957,6.495,246.324,6
46.03973,11.13689,310.532,6.172,239.104,24
46.0397,11.13681,310.207,0,0,24
46.03967,11.13671,309.959,0,0,48
46.03963,11.13657,310.057,8.023,251.418,12
46.03961,11.13646,310.163,7.974,250.15,12
46.03958,11.13636,310.087,7.509,245.475,8
46.03955,11.13628,309.337,6.468,239.644,8
46.03952,11.1362,308.566,5.997,255.308,8
46.03951,11.13611,307.693,6.82,251.24,8
46.03949,11.136,306.838,7.33,245.733,6
46.03945,11.1359,305.944,7.737,234.595,6
46.03939,11.13577,305.266,7.788,222.397,6
46.03931,11.13565,305.598,7.847,221.739,6
46.03925,11.13555,305.878,7.74,224.363,8
46.0392,11.13546,306.047,7.634,220.255,6
46.03915,11.13538,306.017,7.634,220.673,6
46.0391,11.13531,305.811,7.723,219.53,6
46.03905,11.13525,305.336,7.884,221.052,6
46.03899,11.13518,304.801,8.064,218.396,6
46.03894,11.13512,304.258,8.276,220.266,6
46.03889,11.13506,303.735,8.439,220.009,6
46.03883,11.135,303.264,8.346,219.999,6
46.03877,11.13493,302.845,8.271,219.453,4
46.03871,11.13487,302.466,8.072,217.005,4
46.03866,11.13482,302.108,7.959,213.6,4
46.0386,11.13476,301.677,7.595,214.016,6
46.03855,11.13472,301.227,7.349,210.663,6
46.0385,11.13468,300.844,7.257,210.229,6
46.03844,11.13463,300.384,7.272,208.77,6
46.03839,11.13457,299.821,7.554,209.437,6
46.03833,11.13452,299.084,7.678,210.389,6
46.03827,11.13446,298.227,7.608,212.45,6
46.03821,11.1344,297.518,7.865,210.383,6
46.03815,11.13434,296.779,8.223,210.377,6
46.03808,11.13428,296.189,8.661,209.93,6
46.03801,11.13423,295.613,8.857,209.917,6
46.03794,11.13416,295.014,8.879,209.826,6
46.03788,11.13409,294.349,8.895,208.41,6
46.03781,11.13403,293.577,8.442,212.64,6
46.03776,11.13398,292.779,8.064,209.944,6
46.0377,11.13393,291.977,7.782,209.523,6
46.03765,11.13388,291.171,7.175,211.724,6
46.0376,11.13386,290.336,6.31,216.399,6
46.03757,11.13383,290.28,5.198,219.504,6
46.03755,11.13381,290.207,4.071,220.2,6
46.03753,11.1338,290.13,2.835,220.727,6
46.03753,11.1338,290.041,2.169,221.343,6
46.03752,11.13379,289.938,1.712,219.462,6
46.03752,11.13379,289.827,0,219.462,6
46.03752,11.13379,289.724,0,219.462,6
46.03752,11.13379,289.626,0,219.462,6
46.03752,11.13379,289.531,0,219.462,6
46.03752,11.13379,289.521,0,219.462,6
46.03752,11.13379,289.512,0,219.462,8
46.03752,11.13379,289.502,0,219.462,8
46.03752,11.13379,289.492,0,219.462,8
46.03752,11.13379,289.483,0,219.462,8
46.03752,11.13379,289.376,0,219.462,6
46.0375,11.13378,289.257,0.955,230.119,6
46.03748,11.13376,289.132,1.912,231.922,6
46.03747,11.13373,288.997,2.531,235.608,6
46.03745,11.1337,288.854,2.946,230.562,6
46.03743,11.13366,288.707,3.159,218.99,6
46.0374,11.13364,288.555,3.109,205.226,6
46.03737,11.13362,288.397,3.054,194.529,6
46.03735,11.13361,288.226,2.993,185.432,6
46.03732,11.1336,288.049,3.159,174.77,6
46.03729,11.13361,287.863,3.429,165.819,4
46.03725,11.13363,287.673,3.545,160.368,4
46.03722,11.13365,287.477,3.362,158.87,4
46.03721,11.13366,287.273,2.703,158.885,4
46.0372,11.13366,287.062,2.098,157.693,4
46.03719,11.13366,286.848,1.916,156.799,4
46.03717,11.13367,286.628,2.258,159.03,4
46.03715,11.13369,286.403,2.863,161.077,4
46.03712,11.1337,284.114,3.675,167.659,6
46.03708,11.13371,282.207,4.208,171.443,6
46.03703,11.13371,280.596,5.213,174.932,6
46.03697,11.13371,279.253,6.067,177.404,6
46.0369,11.13371,278.124,6.833,184.54,6
46.03683,11.13369,277.159,7.485,186.565,6
46.03675,11.13367,276.171,7.728,192.546,6
46.03667,11.13364,275.313,7.868,193.241,6
46.03659,11.1336,274.574,7.951,193.54,6
46.03652,11.13356,273.916,7.911,194.62,6
46.03645,11.13352,273.334,7.899,194.999,6
46.03638,11.13349,272.783,7.735,194.868,6
46.03631,11.13346,272.26,7.631,196.309,6
46.03623,11.13344,271.793,7.617,196.164,6
46.03615,11.13341,271.352,7.636,195.343,6
46.03608,11.13339,270.926,7.525,194.742,6
46.036,11.13337,270.55,7.742,192.113,4
46.03593,11.13335,270.19,7.883,191.419,4
46.03586,11.13333,269.856,7.795,190.535,4
46.03579,11.1333,269.564,8.011,186.189,4
46.03572,11.13328,269.157,7.876,183.576,4
46.03564,11.13326,268.877,8.097,184.341,4
46.03557,11.13325,268.728,8.083,182.339,3
46.03549,11.13325,268.521,7.812,179.769,3
46.03542,11.13325,268.275,7.736,179.45,3
46.03534,11.13325,268.097,7.873,178.101,3
46.03527,11.13325,268.035,8.154,177.134,3
46.03519,11.13327,267.972,8.191,177.994,4
46.03511,11.13327,267.841,8.16,179.254,4
46.03504,11.13328,267.618,8.006,180.633,4
46.03497,11.13328,267.444,7.995,186.421,4
46.03489,11.13327,267.259,8.296,188.678,4
46.03481,11.13326,267.024,8.088,191.141,4
46.03474,11.13324,266.773,7.97,192.502,4
46.03467,11.1332,266.499,8.193,195.904,8
46.0346,11.13316,265.944,8.299,196.525,8
46.03452,11.13313,265.408,8.531,199.018,8
46.03444,11.1331,264.869,8.55,197.39,6
46.03436,11.13306,264.363,8.708,197.423,6
46.03428,11.13302,263.851,8.764,198.333,6
46.0342,11.13299,263.375,8.843,198.561,6
46.03412,11.13294,263.017,9.221,199.426,6
46.03403,11.13289,262.939,9.496,200.143,6
46.03394,11.13285,262.85,9.507,196.831,6
46.03386,11.13281,262.753,9.417,195.016,6
46.03378,11.13277,262.645,9.256,194.593,6
46.0337,11.13273,262.437,8.886,192.124,6
46.03363,11.1327,262.164,8.666,191.194,6
46.03356,11.13267,261.846,8.44,189.972,6
46.03348,11.13265,261.431,8.301,186.719,6
46.03342,11.13263,260.914,8.11,185.356,6
46.03335,11.13261,260.46,7.96,183.721,6
46.03328,11.13261,259.9,7.802,183.702,6
46.03322,11.1326,259.257,7.69,182.492,6
46.03315,11.1326,258.539,7.509,179.85,6
46.03309,11.13259,257.789,7.369,180.397,6
46.03303,11.13259,257.118,7.191,180.246,6
46.03297,11.13259,256.459,6.979,180.443,4
46.03291,11.13259,255.841,6.641,181.716,4
46.03286,11.13259,255.257,6.294,184.295,4
46.03281,11.13258,254.652,6.176,187.541,4
46.03276,11.13257,254.007,5.932,196.526,4
46.03272,11.13255,253.935,5.076,216.868,4
46.03269,11.13251,253.846,3.88,227.639,4
46.03268,11.13248,253.759,3.038,234.27,4
46.03267,11.13246,253.659,2.322,238.519,4
46.03266,11.13244,253.552,1.462,241.052,4
46.03266,11.13244,253.541,0,241.052,4
46.03266,11.13244,253.531,0,241.052,4
46.03266,11.13244,253.521,0,241.052,4
46.03265,11.1324,253.401,0.877,255.671,4
46.03265,11.13237,253.269,0.916,259.166,4
46.03265,11.13237,253.132,0,259.166,4
46.03265,11.13237,253.011,0,259.166,4
46.03265,11.13237,252.891,0,259.166,4
46.03265,11.13231,252.765,1.853,272.562,4
46.03265,11.13226,251.408,3.579,282.536,4
46.03267,11.13218,250.253,4.937,285.169,4
46.03269,11.1321,249.258,5.817,278.602,4
46.0327,11.13201,248.362,6.63,253.667,4
46.03269,11.13192,247.631,7.284,237.919,4
46.03266,11.13184,246.967,7.723,217.882,4
46.03261,11.13178,246.413,8.082,188.799,4
46.03254,11.13176,245.9,8.208,162.939,3
46.03247,11.1318,245.42,8.348,136.777,3
46.03242,11.13187,245.03,8.372,114.807,3
46.03239,11.13197,244.683,8.192,94.18,3
46.03239,11.13207,244.267,8.089,89.022,3
46.03239,11.13218,243.893,7.98,89.126,3
46.03239,11.13228,243.555,7.843,89.345,3
46.0324,11.13239,243.255,7.728,94.729,3
46.03239,11.13249,243.024,8.428,116.325,3
46.03234,11.13259,242.81,9.086,133.215,6
46.03226,11.13268,242.638,10.019,146.826,4
46.03217,11.13274,242.498,11.004,153.627,6
46.03206,11.13279,242.369,11.667,160.081,6
46.03194,11.13283,242.255,12.033,165.363,6
46.03182,11.13285,242.085,12.395,171.338,4
46.0317,11.13286,241.989,12.712,172.979,4
46.03157,11.13288,241.987,12.982,177.269,4
46.03145,11.13289,241.821,13.22,177.227,4
46.03133,11.1329,241.655,13.376,177.839,4
46.03121,11.1329,241.515,13.546,177.907,6
46.03108,11.13291,241.339,13.92,177.953,6
46.03095,11.13291,241.309,14.019,178.372,6
46.03082,11.13291,241.184,14.049,178.461,6
46.03069,11.13291,241.007,14.075,178.789,4
46.03055,11.13291,240.77,14.213,178.729,4
46.03042,11.13291,240.486,14.243,178.679,4
46.03029,11.13291,240.195,14.387,178.552,4
46.03015,11.13291,239.864,14.473,178.84,4
46.03002,11.13291,239.463,14.735,181.605,4
46.02987,11.1329,239.038,15.017,183.225,4
46.02973,11.13288,238.638,15.296,186.765,4
46.02959,11.13285,238.291,15.584,188.83,4
46.02945,11.13281,237.941,15.866,189.117,4
46.0293,11.13277,237.59,16.078,189.464,4
46.02915,11.13273,237.247,16.413,189.719,4
46.029,11.13269,236.885,16.68,190.221,4
46.02884,11.13264,236.544,16.967,190.561,4
46.02869,11.1326,236.205,17.385,190.953,4
46.02853,11.13255,235.888,17.801,190.977,4
46.02837,11.1325,235.596,18.013,190.898,4
46.02821,11.13245,235.358,18.325,190.581,4
46.02805,11.13241,235.155,18.382,189.587,4
46.02788,11.13236,234.966,18.475,188.381,4
46.02771,11.13233,234.789,18.711,185.335,3
46.02754,11.13231,234.621,18.789,181.173,3
46.02737,11.13231,234.475,18.873,174.826,3
46.0272,11.13234,234.325,18.55,170.454,3
46.02704,11.13239,234.171,18.195,169.479,4
46.02688,11.13244,233.999,18.199,168.791,4
46.02672,11.13249,233.848,18.175,168.853,4
46.02656,11.13254,233.666,18.236,169.246,4
46.0264,11.13259,233.503,18.184,169.558,3
46.02624,11.13264,233.371,18.099,169.761,3
46.02608,11.13268,233.276,18.031,169.065,3
46.02592,11.13273,233.208,18.079,169.276,3
46.02576,11.13278,233.135,18.33,168.985,3
46.02559,11.13282,233.047,18.36,168.975,3
46.02543,11.13287,232.956,18.388,168.987,3
46.02527,11.13292,233.038,17.932,169.155,3
46.02511,11.13296,233.092,17.236,168.885,4
46.02496,11.133,233.142,16.63,168.681,4
46.02482,11.13303,233.162,16.287,168.51,4
46.02467,11.13307,232.926,16.367,168.346,4
46.02453,11.13312,232.714,16.441,169.014,4
46.02438,11.13316,232.513,16.541,169.055,4
46.02424,11.1332,232.324,16.463,169.057,4
46.02409,11.13324,232.166,16.428,168.902,4
46.02394,11.13328,232.056,16.763,169.942,4
46.02379,11.13332,231.945,16.949,171.755,4
46.02364,11.13335,231.82,16.964,172.482,4
46.02349,11.13337,231.692,17.023,173.185,4
46.02334,11.1334,231.577,17.054,173.72,4
46.02319,11.13342,231.485,16.74,174.81,4
46.02304,11.13344,231.507,16.889,174.752,4
46.02289,11.13347,231.531,16.862,173.998,4
46.02274,11.1335,231.54,16.436,173.242,4
46.02259,11.13353,231.556,16.609,173.407,4
46.02245,11.13356,231.578,16.181,172.947,4
46.0223,11.13359,231.545,15.795,173.39,4
46.02217,11.13361,231.498,15.041,177.177,4
46.02203,11.13362,231.546,14.964,182.575,4
46.0219,11.13361,231.609,14.183,187.11,4
46.02177,11.13358,231.641,14.082,189.199,4
46.02165,11.13354,231.639,14.257,188.929,4
46.02152,11.1335,231.646,14.2,188.927,4
46.0214,11.13347,231.555,14.446,185.943,4
46.02126,11.13345,231.484,14.698,183.298,4
46.02113,11.13345,231.435,14.767,180.277,3
46.02099,11.13345,231.383,15.525,176.746,3
46.02085,11.13347,231.334,15.991,175.851,3
46.02071,11.13349,231.151,16.129,175.977,3
46.02056,11.13351,230.966,16.339,177.623,3
46.02041,11.13352,230.83,16.471,181.014,3
46.02026,11.13351,230.759,16.554,185.578,3
46.02012,11.13348,230.738,16.572,189.603,3
46.01997,11.13341,230.778,16.694,194.454,3
46.01982,11.13334,230.838,16.782,198.731,3
46.01969,11.13326,230.982,16.144,200.786,3
46.01955,11.13317,231.14,16.016,202.268,3
46.01942,11.1331,231.274,15.685,202.27,3
46.01929,11.13302,231.386,15.628,201.143,3
46.01916,11.13294,231.466,15.625,200.107,3
46.01902,11.13287,231.511,15.385,197.454,3
46.01889,11.13281,231.555,15.145,195.38,3
46.01876,11.13276,231.603,15.351,192.373,3
46.01862,11.13272,231.649,14.96,191.977,3
46.01849,11.13268,231.699,14.818,190.344,3
46.01836,11.13264,231.779,14.957,187.743,3
46.01822,11.13262,231.867,15.146,185.784,3
46.01809,11.1326,231.965,15.104,185.017,3
46.01795,11.13258,232.084,15.423,183.46,3
46.01781,11.13258,232.266,15.463,182.716,3
46.01767,11.13257,232.463,15.424,181.867,3
46.01753,11.13255,232.635,14.603,182.425,3
46.0174,11.13254,232.81,14.816,181.278,3
46.01727,11.13254,232.96,14.562,181.336,3
46.01714,11.13254,233.109,14.026,181.383,3
46.01701,11.13254,233.286,14.197,181.868,3
46.01688,11.13254,233.463,14.27,181.634,3
46.01675,11.13253,233.619,14.055,181.065,3
46.01662,11.13253,233.762,13.806,181.103,3
46.0165,11.13253,233.924,14.247,182.387,3
46.01636,11.13252,234.09,14.586,182.139,3
46.01623,11.13252,234.378,14.696,181.48,3
46.01609,11.13252,234.675,14.87,181.6,3
46.01596,11.13251,234.88,14.666,181.548,3
46.01583,11.1325,235.023,14.544,182.142,3
46.0157,11.1325,235.098,14.603,183.053,3
46.01557,11.13249,235.084,14.448,185.169,3
46.01544,11.13246,235.049,14.334,190.815,3
46.01531,11.13243,235.012,14.451,195.162,3
46.01519,11.13236,234.994,14.194,199.82,4
46.01508,11.13229,234.999,13.712,202.632,4
46.01497,11.13222,234.984,13.113,202.996,3
46.01486,11.13215,234.931,12.983,202.983,3
46.01476,11.13208,234.869,13.027,202.621,3
46.01465,11.13201,234.801,12.741,202.315,3
46.01455,11.13195,234.715,12.322,202.498,3
46.01445,11.1319,234.596,11.8,203.471,3
46.01436,11.13184,234.504,10.241,204.36,3
46.01429,11.13178,234.393,7.613,210.764,3
46.01424,11.13174,234.331,5.341,218.066,3
46.01421,11.13169,234.293,5.062,222.271,3
46.01417,11.13164,234.259,5.431,226.038,3
46.01414,11.13158,234.197,6.506,230.071,3
46.01411,11.13151,234.181,7.074,221.482,3
46.01405,11.13145,234.191,7.384,198.507,3
46.01399,11.13144,234.225,7.068,182.55,3
46.01393,11.13144,234.329,7.571,175.923,3
46.01386,11.13147,234.465,7.497,178.756,3
46.01378,11.13147,234.573,8.627,191.144,3
46.01371,11.13144,234.683,8.914,200.716,3
46.01363,11.13139,234.805,9.581,202.395,3
46.01355,11.13134,234.902,10.798,202.232,3
46.01345,11.13129,235.081,11.518,202.85,3
46.01335,11.13123,235.224,11.931,202.237,3
46.01325,11.13117,235.366,12.045,202.279,3
46.01315,11.13111,235.549,12.629,202.42,3
46.01304,11.13104,235.691,13.191,201.876,6
46.01293,11.13098,235.794,13.133,200.269,4
46.01281,11.13093,235.875,13.549,200.129,4
46.01269,11.13088,235.952,14.053,200.206,3
46.01257,11.13081,236.035,14.428,201.156,3
46.01245,11.13075,236.104,14.305,201.222,3
46.01233,11.13067,236.196,14.703,201.9,3
46.01221,11.13059,236.241,14.716,201.951,4
46.01209,11.13051,236.236,14.366,202.132,4
46.01197,11.13045,236.252,14.43,202.169,3
46.01185,11.13038,236.238,14.302,202.185,3
46.01173,11.13031,236.201,14.526,202.247,3
46.0116,11.13024,236.192,14.85,202.375,3
46.01148,11.13017,236.164,14.753,203.861,3
46.01135,11.1301,236.116,14.745,205.423,3
46.01124,11.13001,236.039,14.373,207.845,3
46.01113,11.1299,235.894,14.469,211.215,3
46.01102,11.12979,235.744,14.519,213.695,3
46.01091,11.12968,235.625,14.816,214.185,3
46.0108,11.12957,235.554,15.126,216.35,3
46.01069,11.12944,235.406,15.356,218.011,3
46.01058,11.12932,235.149,15.302,217.015,3
46.01047,11.1292,234.953,15.123,217.405,3
46.01036,11.12908,234.811,14.878,218.212,3
46.01026,11.12896,234.713,15.103,218.41,3
46.01015,11.12883,234.604,14.868,218.397,3
46.01005,11.12872,234.595,14.847,218.455,3
46.00994,11.1286,234.6,14.761,217.31,3
46.00983,11.12848,234.598,14.597,217.029,3
46.00973,11.12837,234.608,13.897,216.863,3
46.00963,11.12826,234.613,13.248,216.582,3
46.00954,11.12816,234.651,12.744,213.902,3
46.00944,11.12807,234.672,12.117,211.773,3
46.00935,11.128,234.727,10.904,213.484,3
46.00927,11.12793,234.765,9.168,212.813,3
46.0092,11.12787,234.789,8.401,213.705,3
46.00914,11.12781,234.804,7.907,218.443,3
46.00908,11.12775,234.818,9.1,216.405,3
46.00901,11.12768,234.871,9.794,207.122,3
46.00892,11.12762,234.921,11.042,203.022,3
46.00883,11.12756,235.02,10.886,203.098,3
46.00874,11.1275,235.202,12.099,203.277,4
46.00863,11.12743,235.381,12.837,203.704,4
46.00853,11.12735,235.57,13.331,202.426,4
46.00842,11.12728,235.743,13.334,201.939,4
46.0083,11.12721,235.934,13.35,201.488,3
46.00819,11.12715,236.114,13.556,200.105,3
46.00808,11.1271,236.281,13.351,198.829,3
46.00796,11.12704,236.527,13.434,196.687,3
46.00785,11.12699,236.721,13.367,194.793,3
46.00773,11.12695,236.895,13.282,194.073,3
46.00761,11.12691,237.059,13.258,193.176,3
46.0075,11.12687,237.196,13.018,192.248,3
46.00738,11.12683,237.319,12.995,190.73,3
46.00727,11.1268,237.422,13.046,190.101,3
46.00715,11.12677,237.492,13.252,188.677,3
46.00703,11.12675,237.518,13.211,185.712,3
46.00691,11.12674,237.554,13.296,185.044,3
46.00679,11.12673,237.553,13.57,183.361,3
46.00667,11.12672,237.559,13.192,183.501,3
46.00655,11.12671,237.576,12.983,183.389,3
46.00644,11.1267,237.646,12.994,183.813,3
46.00632,11.12669,237.75,12.988,183.856,3
46.00621,11.12667,237.885,13.041,183.04,3
46.00609,11.12667,238.034,12.978,183.285,3
46.00597,11.12666,238.149,12.881,184.081,3
46.00586,11.12665,238.286,12.912,184.089,3
46.00574,11.12664,238.434,12.98,184.091,3
46.00563,11.12663,238.566,13.049,184.49,3
46.00551,11.12661,238.663,13.254,183.689,3
46.00538,11.1266,238.787,13.422,183.745,3
46.00526,11.12659,238.987,13.578,183.734,3
46.00514,11.12658,239.189,13.665,183.476,3
46.00502,11.12657,239.373,13.855,183.227,4
46.00489,11.12656,239.546,13.961,183.166,3
46.00477,11.12654,239.695,13.888,183.894,3
46.00465,11.12653,239.811,13.719,184.744,3
46.00453,11.12651,239.942,13.596,184.857,3
46.00441,11.12651,240.042,13.417,184.78,3
46.00429,11.1265,240.135,13.351,184.428,3
46.00417,11.12649,240.283,13.325,184.877,3
46.00405,11.12648,240.428,13.067,184.866,3
46.00393,11.12647,240.635,12.808,185.296,3
46.00382,11.12646,240.81,12.576,185.342,3
46.00371,11.12643,240.955,12.828,183.44,3
46.0036,11.12642,241.056,12.831,183.409,3
46.00348,11.12641,241.094,13.222,184.178,3
46.00335,11.1264,241.202,13.574,183.938,3
46.00321,11.12641,241.322,14.136,181.657,3
46.00308,11.12641,241.354,14.549,180.894,3
46.00294,11.12641,241.437,14.695,181.322,3
46.00281,11.12641,241.455,14.659,184.683,3
46.00267,11.1264,241.434,14.633,185.762,3
46.00254,11.12638,241.469,14.559,186.295,3
46.00241,11.12636,241.478,14.506,185.292,3
46.00228,11.12635,241.488,14.47,184.502,3
46.00215,11.12633,241.494,14.344,184.507,3
46.00203,11.12632,241.501,14.129,184.916,3
46.00191,11.1263,241.518,13.696,184.545,3
46.00179,11.12629,241.52,13.378,184.658,3
46.00167,11.12628,241.55,13.28,183.503,3
46.00155,11.12626,241.581,13.257,182.871,2
46.00143,11.12624,241.62,13.476,181.274,2
46.00131,11.12624,241.702,13.42,179.965,2
46.00119,11.12624,241.794,13.54,179.891,2
46.00107,11.12624,241.903,13.363,177.54,3
46.00095,11.12625,242.011,13.375,177.13,3
46.00083,11.12626,242.142,12.905,176.902,3
46.00072,11.12627,242.269,12.557,176.72,3
46.00061,11.12628,242.375,12.176,176.593,3
46.00051,11.12629,242.435,11.915,175.29,3
46.00041,11.1263,242.43,10.989,175.352,3
46.00033,11.12631,242.425,9.393,176.404,3
46.00027,11.12631,242.442,7.909,176.826,4
46.00022,11.12631,242.607,6.355,205.968,4
46.00018,11.12627,242.675,5.811,235.493,4
